BSSID, First_time_seen, Last_time_seen, channel, Speed, Privacy, Cipher, Authentication, Power, N_beacons, N_IV, LAN_IP, ID-length, ESSID, Key
BE:F1:71:D5:17:8B, 2023-07-28 09:13:03, 2023-07-28 11:50:50,  1, 195, WPA2, CCMP, PSK, -30,      846,      504,   0.  0.  0.  0,  12, C322U13 3965, 
6E:C7:EC:16:DA:1A, 2023-07-28 09:13:03, 2023-07-28 11:55:12,  1, 130, WPA2, CCMP, PSK, -30,      750,      116,   0.  0.  0.  0,   4, Cnet, 
9A:75:A8:B9:04:1E, 2023-07-28 09:13:03, 2023-07-28 11:53:31,  1, 360, WPA2, CCMP, PSK, -68,      694,       26,   0.  0.  0.  0,   2, KC, 
4A:EC:1E:DB:BF:95, 2023-07-28 09:13:03, 2023-07-28 11:04:01,  7, 360, WPA2, CCMP, PSK, -37,      510,       21,   0.  0.  0.  0,  14, POCO X5 Pro 5G, 
D2:6D:52:61:51:5D, 2023-07-28 09:13:03, 2023-07-28 10:30:19,  6, 130, WPA2, CCMP, PSK, -57,      647,        6,   0.  0.  0.  0,  25, , 
E8:28:C1:DC:B2:52, 2023-07-28 09:13:03, 2023-07-28 11:55:38,  6, 130, OPN, ,   , -63,      251,     3430, 172. 17.203.197,  13, MIREA_HOTSPOT, 
BE:F1:71:D6:10:D7, 2023-07-28 09:13:03, 2023-07-28 11:50:44, 11, 195, WPA2, CCMP, PSK, -27,     1647,       80,   0.  0.  0.  0,  12, C322U21 0566, 
0A:C5:E1:DB:17:7B, 2023-07-28 09:13:03, 2023-07-28 11:36:31, 11, 130, WPA2, CCMP, PSK, -38,     1251,       11,   0.  0.  0.  0,  13, AndroidAP177B, 
38:1A:52:0D:84:D7, 2023-07-28 09:13:03, 2023-07-28 10:25:02, 11, 130, WPA2, CCMP, PSK, -38,      704,        0,   0.  0.  0.  0,  24, EBFCD57F-EE81fI_DL_1AO2T, 
BE:F1:71:D5:0E:53, 2023-07-28 09:13:03, 2023-07-28 10:29:21,  1, 195, WPA2, CCMP, PSK, -66,      617,        0,   0.  0.  0.  0,  12, C322U06 9080, 
1E:93:E3:1B:3C:F4, 2023-07-28 09:13:04, 2023-07-28 11:53:37,  6, 180, WPA2, CCMP, PSK, -42,     1390,       86,   0.  0.  0.  0,  10, Galaxy A71, 
1C:7E:E5:8E:B7:DE, 2023-07-28 09:13:04, 2023-07-28 11:51:48, 14,  65, WPA2, CCMP, PSK, -62,      142,        0,   0.  0.  0.  0,   0, , 
38:1A:52:0D:97:60, 2023-07-28 09:13:05, 2023-07-28 10:21:11, 11, 130, WPA2, CCMP, PSK, -73,       28,        0,   0.  0.  0.  0,  24, EBFCD593-EE81fI_DMJ1AOI4, 
38:1A:52:0D:90:A1, 2023-07-28 09:13:06, 2023-07-28 11:37:27, 11, 130, WPA2, CCMP, PSK, -69,      112,        0,   0.  0.  0.  0,  24, EBFCD597-EE81fI_DMN1AOe1, 
E8:28:C1:DC:B2:50, 2023-07-28 09:13:06, 2023-07-28 11:55:12,  6, 130, OPN, ,   , -63,      260,      907, 172. 17. 95.169,  12, MIREA_GUESTS, 
E8:28:C1:DC:B2:51, 2023-07-28 09:13:06, 2023-07-28 11:55:11,  6, 130, OPN, ,   , -63,      279,        0,   0.  0.  0.  0,   0, , 
8E:55:4A:85:5B:01, 2023-07-28 09:13:06, 2023-07-28 11:55:09,  6,  65, WPA2, CCMP, PSK, -51,      248,      806,   0.  0.  0.  0,   8, Vladimir, 
E8:28:C1:DC:FF:F2, 2023-07-28 09:13:06, 2023-07-28 11:55:10,  6,  -1, OPN, ,   ,  -1,        0,        3, 172. 17. 84.217,   0, , 
00:25:00:FF:94:73, 2023-07-28 09:13:06, 2023-07-28 11:56:21, 44,  -1, OPN, ,   ,  -1,        0,        5,   0.  0.  0.  0,   0, , 
00:26:99:F2:7A:E2, 2023-07-28 09:13:06, 2023-07-28 11:54:53,  1,  54, WPA2, CCMP, PSK, -65,       84,       33,   0.  0.  0.  0,   4, GIVC, 
48:5B:39:F9:7A:48, 2023-07-28 09:13:06, 2023-07-28 11:55:11,  1, 270, WPA2, CCMP, PSK, -61,      109,        0,   0.  0.  0.  0,   0, , 
00:26:99:F2:7A:E1, 2023-07-28 09:13:06, 2023-07-28 11:51:18,  1,  54, WPA2, CCMP, PSK, -65,       65,        0,   0.  0.  0.  0,   3, IKB, 
0C:80:63:A9:6E:EE, 2023-07-28 09:13:08, 2023-07-28 11:53:36,  3, 270, WPA2, CCMP, PSK, -65,       42,       41,   0.  0.  0.  0,   0, , 
E8:28:C1:DD:04:52, 2023-07-28 09:13:09, 2023-07-28 11:56:05, 11, 130, OPN, ,   , -67,        4,      304, 172. 17.216.149,  13, MIREA_HOTSPOT, 
E8:28:C1:DE:74:31, 2023-07-28 09:13:13, 2023-07-28 10:27:06,  6, 130, OPN, ,   , -82,        2,        0,   0.  0.  0.  0,   0, , 
E8:28:C1:DE:74:32, 2023-07-28 09:13:13, 2023-07-28 10:39:43,  6, 130, OPN, ,   , -69,        1,        2, 172. 17. 93.250,  13, MIREA_HOTSPOT, 
9E:A3:A9:D6:28:3C, 2023-07-28 09:13:15, 2023-07-28 11:50:46, 14,  65, WPA2, CCMP, PSK, -61,       51,        0,   0.  0.  0.  0,   0, , 
9E:A3:A9:DB:7E:01, 2023-07-28 09:13:15, 2023-07-28 11:52:30, 14,  65, WPA2, CCMP, PSK, -74,       40,        0,   0.  0.  0.  0,   0, , 
E8:28:C1:DC:C8:32, 2023-07-28 09:13:17, 2023-07-28 11:52:32,  1, 130, OPN, ,   , -69,       12,       71, 192.168.155. 53,  13, MIREA_HOTSPOT, 
00:26:99:BA:75:80, 2023-07-28 09:13:20, 2023-07-28 11:55:10, 11,  54, WPA2, CCMP, PSK, -70,       61,      467,  10.111.  0.106,   4, GIVC, 
08:3A:2F:56:35:FE, 2023-07-28 09:13:27, 2023-07-28 11:55:53, 14,  -1, WPA, ,   ,  -1,        0,       81,   0.  0.  0.  0,   0, , 
00:23:EB:E3:81:F2, 2023-07-28 09:13:40, 2023-07-28 11:53:35,  1,  54, WPA2, CCMP, PSK, -72,        7,        1,   0.  0.  0.  0,   4, GIVC, 
E8:28:C1:DD:04:50, 2023-07-28 09:13:50, 2023-07-28 11:43:39, 11, 130, OPN, ,   , -78,       20,       35, 192.168.  0.  1,  12, MIREA_GUESTS, 
E8:28:C1:DD:04:51, 2023-07-28 09:13:57, 2023-07-28 10:48:00, 11, 130, OPN, ,   , -73,        9,        0,   0.  0.  0.  0,   0, , 
C6:BC:37:7A:67:0D, 2023-07-28 09:14:12, 2023-07-28 09:14:12, 11, 180, WPA2, CCMP, PSK, -82,        0,        0,   0.  0.  0.  0,  17, Mura's Galaxy A52, 
26:20:53:0C:98:E8, 2023-07-28 09:15:45, 2023-07-28 09:33:10, 44, 866, WPA3 WPA2, CCMP, SAE PSK, -85,        3,        0,   0.  0.  0.  0,  10, , 
E8:28:C1:DC:C8:30, 2023-07-28 09:15:45, 2023-07-28 11:36:30,  1, 130, OPN, ,   , -71,        7,       21, 172. 17.105.120,  12, MIREA_GUESTS, 
9E:A3:A9:BF:12:C0, 2023-07-28 09:15:47, 2023-07-28 11:50:17, 14,  65, WPA2, CCMP, PSK, -81,        9,        0,   0.  0.  0.  0,   0, , 
E8:28:C1:DE:74:30, 2023-07-28 09:17:45, 2023-07-28 09:26:13,  6,  -1, OPN, ,   , -78,        0,        6,   0.  0.  0.  0,   0, , 
00:23:EB:E3:81:F1, 2023-07-28 09:17:47, 2023-07-28 11:53:35,  1,  54, WPA2, CCMP, PSK, -72,       19,        0,   0.  0.  0.  0,   3, IKB, 
56:C5:2B:9F:84:90, 2023-07-28 09:17:49, 2023-07-28 10:27:22,  1, 360, WPA2, CCMP, PSK, -64,      317,       31,   0.  0.  0.  0,  10, OnePlus 6T, 
9A:9F:06:44:24:5B, 2023-07-28 09:17:49, 2023-07-28 10:34:01,  6,  65, WPA2, CCMP, PSK, -70,       22,        1,   0.  0.  0.  0,  21, Long Huong Galaxy M12, 
E0:D9:E3:48:FF:D2, 2023-07-28 09:17:53, 2023-07-28 10:51:37,  7,  -1, OPN, ,   ,  -1,        0,        2, 192.168. 14.235,   0, , 
12:51:07:FF:29:D6, 2023-07-28 09:17:54, 2023-07-28 11:22:37, 11, 130, WPA2, CCMP, PSK, -71,       32,        0,   0.  0.  0.  0,  20, DESKTOP-KITJO8R 5262, 
12:48:F9:CF:58:8E, 2023-07-28 09:18:06, 2023-07-28 09:18:06,  1,  -1, , ,   ,  -1,        0,        0,   0.  0.  0.  0,   0, , 
E8:28:C1:DC:B2:41, 2023-07-28 09:18:16, 2023-07-28 11:36:43, 48, 360, OPN, ,   , -89,        5,       23, 169.254.175.203,  12, MIREA_GUESTS, 
E8:28:C1:DC:B2:40, 2023-07-28 09:18:16, 2023-07-28 11:51:48, 48, 360, OPN, ,   , -88,        5,       89, 172. 17.203.197,  13, MIREA_HOTSPOT, 
00:26:99:F2:7A:E0, 2023-07-28 09:18:17, 2023-07-28 11:01:55,  1,  -1, OPN, ,   ,  -1,        0,        2,   0.  0.  0.  0,   0, , 
00:23:EB:E3:81:FE, 2023-07-28 09:18:30, 2023-07-28 11:53:35, -1,  54, WPA2, CCMP, PSK, -87,       47,        0,   0.  0.  0.  0,   3, IKB, 
00:23:EB:E3:81:FD, 2023-07-28 09:18:30, 2023-07-28 11:53:35, 44,  54, WPA2, CCMP, PSK, -86,       46,       21,   0.  0.  0.  0,   4, GIVC, 
E8:28:C1:DC:B2:42, 2023-07-28 09:18:30, 2023-07-28 11:43:23, 48, 360, OPN, ,   , -87,        5,        0,   0.  0.  0.  0,   0, , 
E8:28:C1:DD:04:40, 2023-07-28 09:18:30, 2023-07-28 11:55:10, 52, 360, OPN, ,   , -84,       30,      171, 172. 17. 84.175,  13, MIREA_HOTSPOT, 
E8:28:C1:DD:04:41, 2023-07-28 09:18:30, 2023-07-28 11:55:10, 52, 360, OPN, ,   , -83,       25,      282, 172. 17. 84.175,  12, MIREA_GUESTS, 
76:E4:ED:B0:5C:9A, 2023-07-28 09:18:50, 2023-07-28 09:18:50, 13, 180, WPA2, CCMP, PSK, -64,        1,        0,   0.  0.  0.  0,  26, –ò–Ω–µ—Ç –æ—Ç –ü—É—Ç–∏–Ω–∞, 
00:26:CB:AA:62:71, 2023-07-28 09:20:04, 2023-07-28 09:52:53,  1,  54, WPA2, CCMP, PSK, -70,        2,        0,   0.  0.  0.  0,   3, IKB, 
E8:28:C1:DE:47:D2, 2023-07-28 09:20:37, 2023-07-28 11:51:18,  1, 130, OPN, ,   , -71,        3,       31,   0.  0.  0.  0,  13, MIREA_HOTSPOT, 
2A:E8:A2:02:01:73, 2023-07-28 09:20:52, 2023-07-28 09:24:32, -1,  -1, , ,   ,  -1,        0,        0,   0.  0.  0.  0,  13, Redmi Note 9S, 
AA:F4:3F:EE:49:0B, 2023-07-28 09:22:18, 2023-07-28 11:53:03,  1, 180, WPA2, CCMP, PSK, -39,      738,      177,   0.  0.  0.  0,  16, Redmi Note 8 Pro, 
E8:28:C1:DC:3C:92, 2023-07-28 09:22:41, 2023-07-28 10:34:52, -1,  -1, , ,   ,  -1,        0,        0,   0.  0.  0.  0,   0, , 
56:99:98:EE:5A:4E, 2023-07-28 09:24:27, 2023-07-28 11:51:18,  1, 180, WPA2, CCMP, PSK, -69,        1,        0,   0.  0.  0.  0,  13, tementy-phone, 
02:BC:15:7E:D5:DC, 2023-07-28 09:24:46, 2023-07-28 09:24:48, 11, 130, OPN, ,   , -67,        1,        0,   0.  0.  0.  0,   7, MT_FREE, 
10:50:72:00:11:08, 2023-07-28 09:24:54, 2023-07-28 10:48:11,  4, 130, WPA2, CCMP, PSK, -71,        2,        0,   0.  0.  0.  0,  14, MGTS_GPON_B563, 
14:EB:B6:6A:76:37, 2023-07-28 09:25:01, 2023-07-28 11:53:36,  3, 360, WPA2, CCMP, PSK, -85,        0,        5,   0.  0.  0.  0,  15, Gnezdo_lounge 2, 
E0:D9:E3:48:FF:D0, 2023-07-28 09:25:14, 2023-07-28 09:25:14,  6,  -1, , ,   ,  -1,        0,        0,   0.  0.  0.  0,   0, , 
E2:37:BF:8F:6A:7B, 2023-07-28 09:29:55, 2023-07-28 09:29:55, -1,  -1, , ,   ,  -1,        0,        0,   0.  0.  0.  0,   0, , 
C2:B5:D7:7F:07:A8, 2023-07-28 09:32:42, 2023-07-28 09:32:42,  6, 130, WPA2, CCMP, PSK, -84,        1,        0,   0.  0.  0.  0,  27, DIRECT-a8-HP M227f LaserJet, 
E8:28:C1:DC:C6:B1, 2023-07-28 09:32:42, 2023-07-28 11:52:32,  6, 130, OPN, ,   , -78,        5,        0,   0.  0.  0.  0,   0, , 
8A:4E:75:44:5A:F6, 2023-07-28 09:33:09, 2023-07-28 09:33:09,  6, 130, WPA2, CCMP, PSK, -68,        0,        0,   0.  0.  0.  0,  11, quiksmobile, 
CE:B3:FF:84:45:FC, 2023-07-28 09:33:11, 2023-07-28 11:34:22, 11,  -1, , ,   ,  -1,        0,        0,   0.  0.  0.  0,   0, , 
5E:C7:C0:E4:D7:D4, 2023-07-28 09:34:56, 2023-07-28 10:29:21,  1, 180, WPA2, CCMP, PSK, -49,       85,       98,   0.  0.  0.  0,   9, realme 10, 
E8:28:C1:DD:04:42, 2023-07-28 09:34:57, 2023-07-28 11:53:35, 52, 360, OPN, ,   , -81,       23,        0,   0.  0.  0.  0,   0, , 
00:03:7A:1A:18:56, 2023-07-28 09:35:54, 2023-07-28 09:35:54, -1,  -1, , ,   , -62,        0,        0,   0.  0.  0.  0,   0, , 
E8:28:C1:DC:C8:31, 2023-07-28 09:36:31, 2023-07-28 11:36:30,  1, 130, OPN, ,   , -73,        8,        0,   0.  0.  0.  0,   0, , 
E8:28:C1:DC:54:72, 2023-07-28 09:36:31, 2023-07-28 10:27:45,  1,  -1, , ,   ,  -1,        0,        0,   0.  0.  0.  0,   0, , 
E8:28:C1:DE:47:D1, 2023-07-28 09:40:06, 2023-07-28 09:40:06,  1, 130, OPN, ,   , -76,        1,        0,   0.  0.  0.  0,   0, , 
A2:FE:FF:B8:9B:C9, 2023-07-28 09:41:52, 2023-07-28 09:41:52,  6, 130, WPA3 WPA2, CCMP, SAE PSK, -70,        1,        0,   0.  0.  0.  0,  12, Christie‚Äôs, 
76:70:AF:A4:D2:AF, 2023-07-28 09:41:52, 2023-07-28 10:27:25, 11, 180, WPA2, CCMP, PSK, -64,      253,        8,   0.  0.  0.  0,   8, –≤–∏—Ç—è, 
D2:25:91:F6:6C:D8, 2023-07-28 09:45:29, 2023-07-28 09:45:42, 12, 180, WPA2, CCMP, PSK, -62,        5,        0,   0.  0.  0.  0,   9, –°–∞–Ω—è , 
00:AB:0A:00:10:10, 2023-07-28 09:46:33, 2023-07-28 11:15:49, 60,  -1, OPN, ,   ,  -1,        0,       20,   0.  0.  0.  0,   0, , 
00:09:9A:12:55:04, 2023-07-28 09:47:14, 2023-07-28 09:47:14, -1,  -1, , ,   , -68,        0,        0,   0.  0.  0.  0,   0, , 
38:1A:52:0D:85:1D, 2023-07-28 09:50:22, 2023-07-28 10:25:04, 11, 130, WPA2, CCMP, PSK, -55,      130,        0,   0.  0.  0.  0,  24, EBFCD5C1-EE81fI_DN11AOcY, 
96:FF:FC:91:EF:64, 2023-07-28 09:52:54, 2023-07-28 10:25:02, 44, 866, WPA3 WPA2, CCMP, SAE PSK, -85,        9,        0,   0.  0.  0.  0,  10, , 
E8:28:C1:DC:3A:B0, 2023-07-28 09:57:32, 2023-07-28 09:57:32, -1,  -1, , ,   ,  -1,        0,        0,   0.  0.  0.  0,   0, , 
E8:28:C1:DC:C6:B0, 2023-07-28 09:59:19, 2023-07-28 11:03:58,  6, 130, OPN, ,   , -71,        4,        5,   0.  0.  0.  0,  12, MIREA_GUESTS, 
CE:48:E7:86:4E:33, 2023-07-28 09:59:20, 2023-07-28 10:04:15, 44, 866, WPA3 WPA2, CCMP, SAE PSK, -65,        9,        0,   0.  0.  0.  0,  27, iPhone (–ê–Ω–∞—Å—Ç–∞—Å–∏—è), 
E8:28:C1:DC:C6:B2, 2023-07-28 10:02:42, 2023-07-28 11:56:21,  6,  -1, OPN, ,   , -70,        0,       34, 192.168.  0.  1,   0, , 
E8:28:C1:DB:F5:F2, 2023-07-28 10:07:24, 2023-07-28 10:20:26,  1,  -1, , ,   ,  -1,        0,        0,   0.  0.  0.  0,   0, , 
8E:1F:94:96:DA:FD, 2023-07-28 10:08:32, 2023-07-28 10:15:27, 44, 866, WPA3 WPA2, CCMP, SAE PSK, -67,       12,        0,   0.  0.  0.  0,  27, iPhone (–ê–Ω–∞—Å—Ç–∞—Å–∏—è), 
BE:FD:EF:18:92:44, 2023-07-28 10:15:24, 2023-07-28 10:15:28,  6, 130, WPA3 WPA2, CCMP, SAE PSK, -64,        0,        0,   0.  0.  0.  0,  15, –î–∏–º–∞—Å–∏–∫ , 
E8:28:C1:DC:BD:50, 2023-07-28 10:16:31, 2023-07-28 11:02:14, 11, 130, OPN, ,   , -75,        5,        0,   0.  0.  0.  0,  12, MIREA_GUESTS, 
E8:28:C1:DC:0B:B2, 2023-07-28 10:20:20, 2023-07-28 10:20:20, 11,  -1, OPN, ,   , -82,        0,        1,   0.  0.  0.  0,   0, , 
E8:28:C1:DC:3C:80, 2023-07-28 10:20:20, 2023-07-28 10:20:20, 52,  -1, , ,   ,  -1,        0,        0,   0.  0.  0.  0,   0, , 
7E:3A:10:A7:59:4E, 2023-07-28 10:20:37, 2023-07-28 11:37:28,  6, 180, WPA2, CCMP, PSK, -51,        3,        0,   0.  0.  0.  0,   8, vivo Y21, 
00:23:EB:E3:49:31, 2023-07-28 10:20:49, 2023-07-28 10:20:51,  1,  -1, , ,   ,  -1,        0,        0,   0.  0.  0.  0,   0, , 
00:23:EB:E3:44:31, 2023-07-28 10:20:50, 2023-07-28 10:20:50,  2,  -1, , ,   ,  -1,        0,        0,   0.  0.  0.  0,   0, , 
A6:F7:05:31:E8:EE, 2023-07-28 10:25:47, 2023-07-28 10:25:47, -1,  -1, , ,   ,  -1,        0,        0,   0.  0.  0.  0,   0, , 
3A:DA:00:F9:0C:02, 2023-07-28 10:27:01, 2023-07-28 10:27:10,  6, 130, WPA3 WPA2, CCMP, SAE PSK, -65,        5,        0,   0.  0.  0.  0,  26, iPhone XS Max ü¶äüê±ü¶ä, 
F2:30:AB:E9:03:ED, 2023-07-28 10:27:02, 2023-07-28 10:27:09,  1, 130, WPA2, CCMP, PSK, -53,        6,        0,   0.  0.  0.  0,  15, iPhone (Uliana), 
A2:64:E8:97:58:EE, 2023-07-28 10:27:03, 2023-07-28 11:37:55, 10, 180, WPA2, CCMP, PSK, -67,       52,        4,   0.  0.  0.  0,   8, Mi Phone, 
EA:D8:D1:77:C8:08, 2023-07-28 10:27:03, 2023-07-28 11:50:18,  6,  65, WPA2, CCMP, PSK, -86,        1,        0,   0.  0.  0.  0,  23, DIRECT-08-HP M428fdw LJ, 
BA:2A:7A:DD:38:3E, 2023-07-28 10:27:15, 2023-07-28 10:27:15,  6, 130, WPA2, CCMP, PSK, -66,        1,        0,   0.  0.  0.  0,  17, –ê–π—Ñ–æ–Ω (Oleg), 
12:54:1A:C6:FF:71, 2023-07-28 10:27:46, 2023-07-28 10:27:46,  6, 180, WPA2, CCMP, PSK, -66,        0,        0,   0.  0.  0.  0,   6, Amuler, 
CE:C3:F7:A4:7E:B3, 2023-07-28 10:27:47, 2023-07-28 10:48:11, 11, 130, WPA2, CCMP, PSK, -82,        0,        0,   0.  0.  0.  0,  12, DIRECT-A6-HP, 
E8:28:C1:DC:33:12, 2023-07-28 10:28:36, 2023-07-28 10:51:35, 11,  -1, OPN, ,   , -82,        0,        1,   0.  0.  0.  0,   0, , 
E8:28:C1:DB:FC:F2, 2023-07-28 10:28:37, 2023-07-28 10:28:46,  8,  -1, , ,   ,  -1,        0,        0,   0.  0.  0.  0,   0, , 
00:03:7A:1A:03:56, 2023-07-28 10:29:13, 2023-07-28 10:29:19, 11, 130, OPN, ,   , -68,        1,        0,   0.  0.  0.  0,   7, MT_FREE, 
00:26:99:BA:75:8F, 2023-07-28 10:29:20, 2023-07-28 10:34:08, 64,  -1, , ,   ,  -1,        0,        0,   0.  0.  0.  0,   0, , 
DC:09:4C:32:34:9B, 2023-07-28 10:29:39, 2023-07-28 10:29:47, -1,  -1, , ,   , -60,        0,        0,   0.  0.  0.  0,  14, kak_vashi_dela, 
E8:28:C1:DC:F0:90, 2023-07-28 10:29:40, 2023-07-28 10:51:32, -1,  -1, , ,   ,  -1,        0,        0,   0.  0.  0.  0,   0, , 
76:5E:F3:F9:A5:1C, 2023-07-28 10:30:22, 2023-07-28 10:30:22,  1, 180, WPA2, CCMP, PSK, -66,        1,        0,   0.  0.  0.  0,  12, Redmi 9C NFC, 
E0:D9:E3:49:04:52, 2023-07-28 10:30:23, 2023-07-28 11:47:17, 11,  -1, , ,   ,  -1,        0,        0,   0.  0.  0.  0,   0, , 
00:03:7F:12:34:56, 2023-07-28 10:30:23, 2023-07-28 10:30:23,  6, 130, OPN, ,   , -76,        1,        0,   0.  0.  0.  0,   7, MT_FREE, 
E0:D9:E3:49:04:50, 2023-07-28 10:30:39, 2023-07-28 10:37:20, -1,  -1, , ,   ,  -1,        0,        0,   0.  0.  0.  0,   0, , 
E8:28:C1:DC:03:30, 2023-07-28 10:30:42, 2023-07-28 10:30:42, -1,  -1, , ,   ,  -1,        0,        0,   0.  0.  0.  0,   0, , 
1E:C2:8E:D8:30:91, 2023-07-28 10:33:23, 2023-07-28 10:41:41,  6, 130, WPA2, CCMP, PSK, -67,        6,        0,   0.  0.  0.  0,   4, Damy, 
4A:86:77:04:B7:28, 2023-07-28 10:33:58, 2023-07-28 11:24:06,  6, 130, WPA2, CCMP, PSK, -37,      361,        1,   0.  0.  0.  0,  25, iPhone (–ò—Å–∫–∞–Ω–¥–µ—Ä), 
00:3E:1A:5D:14:45, 2023-07-28 10:34:03, 2023-07-28 10:34:05, 11, 130, OPN, ,   , -57,        1,        0,   0.  0.  0.  0,   7, MT_FREE, 
E0:D9:E3:49:04:40, 2023-07-28 10:34:12, 2023-07-28 10:34:19, 40,  -1, , ,   ,  -1,        0,        0,   0.  0.  0.  0,   0, , 
B2:1B:0C:67:0A:BD, 2023-07-28 10:34:29, 2023-07-28 10:34:29, 11,  -1, , ,   ,  -1,        0,        0,   0.  0.  0.  0,   0, , 
0A:24:D8:D9:24:70, 2023-07-28 10:35:31, 2023-07-28 11:43:22,  1, 130, WPA2, CCMP, PSK, -71,        2,        0,   0.  0.  0.  0,   9, IgorKotya, 
E0:D9:E3:49:00:B1, 2023-07-28 10:35:31, 2023-07-28 10:35:31,  1, 130, OPN, ,   , -70,        1,        0,   0.  0.  0.  0,   0, , 
E8:28:C1:DC:BD:52, 2023-07-28 10:36:14, 2023-07-28 10:36:14, 11, 130, OPN, ,   , -72,        1,        0,   0.  0.  0.  0,  13, MIREA_HOTSPOT, 
E8:28:C1:DC:54:B0, 2023-07-28 10:36:42, 2023-07-28 10:37:18, -1,  -1, , ,   ,  -1,        0,        0,   0.  0.  0.  0,   0, , 
E0:D9:E3:49:00:B0, 2023-07-28 10:37:15, 2023-07-28 10:37:16, -1,  -1, , ,   ,  -1,        0,        0,   0.  0.  0.  0,   0, , 
E8:28:C1:DC:33:10, 2023-07-28 10:37:25, 2023-07-28 10:51:31, -1,  -1, , ,   ,  -1,        0,        0,   0.  0.  0.  0,   0, , 
E8:28:C1:DB:F5:F0, 2023-07-28 10:37:27, 2023-07-28 10:51:29, -1,  -1, , ,   ,  -1,        0,        0,   0.  0.  0.  0,  12, MIREA_GUESTS, 
E8:28:C1:DE:72:D0, 2023-07-28 10:37:29, 2023-07-28 10:37:29, -1,  -1, , ,   ,  -1,        0,        0,   0.  0.  0.  0,   0, , 
E0:D9:E3:49:04:41, 2023-07-28 10:38:54, 2023-07-28 10:38:54, 40,  -1, , ,   ,  -1,        0,        0,   0.  0.  0.  0,   0, , 
A6:02:B9:73:83:18, 2023-07-28 10:38:54, 2023-07-28 11:55:11,  1, 130, WPA2, CCMP, PSK, -84,       17,        0,   0.  0.  0.  0,  12, C239U52 6706, 
B2:CF:C0:00:4A:60, 2023-07-28 10:40:54, 2023-07-28 10:40:59,  6, 180, WPA2, CCMP, PSK, -67,        4,        0,   0.  0.  0.  0,  25, –ú–∏—Ö–∞–∏–ª's Galaxy M32, 
38:1A:52:0D:8F:EC, 2023-07-28 10:40:54, 2023-07-28 11:24:49, 11, 130, WPA2, CCMP, PSK, -66,      107,        0,   0.  0.  0.  0,  24, EBFCD6C2-EE81fI_DR21AOa0, 
00:26:99:F1:1A:E1, 2023-07-28 10:41:58, 2023-07-28 10:41:58,  1,  54, WPA2, CCMP, PSK, -76,        0,        0,   0.  0.  0.  0,   3, IKB, 
92:F5:7B:43:0B:69, 2023-07-28 10:41:58, 2023-07-28 11:55:10,  6, 180, WPA2, CCMP, PSK, -64,       18,        1,   0.  0.  0.  0,   8, Redmi 12, 
A6:02:B9:73:2F:76, 2023-07-28 10:42:14, 2023-07-28 11:51:18,  1, 130, WPA2, CCMP, PSK, -83,       26,        0,   0.  0.  0.  0,  12, C239U51 0701, 
A6:02:B9:73:81:47, 2023-07-28 10:43:11, 2023-07-28 11:53:35, 11, 130, WPA2, CCMP, PSK, -82,       19,        0,   0.  0.  0.  0,  12, C239U53 6056, 
38:1A:52:0D:90:5D, 2023-07-28 10:44:15, 2023-07-28 11:55:10, 11, 130, WPA2, CCMP, PSK, -67,       90,        0,   0.  0.  0.  0,  24, EBFCD615-EE81fI_DOL1AO8w, 
8A:A3:03:73:52:08, 2023-07-28 10:48:03, 2023-07-28 11:45:34,  1,  65, WPA2, CCMP, PSK, -69,        0,        0,   0.  0.  0.  0,  15, Galaxy A30s5208, 
00:23:EB:E3:44:32, 2023-07-28 10:48:54, 2023-07-28 10:48:54,  2,  -1, , ,   ,  -1,        0,        0,   0.  0.  0.  0,   0, , 
00:26:CB:AA:62:72, 2023-07-28 10:51:10, 2023-07-28 10:51:10,  1,  54, WPA2, CCMP, PSK, -78,        1,        0,   0.  0.  0.  0,   4, GIVC, 
E0:D9:E3:48:B4:D2, 2023-07-28 10:51:52, 2023-07-28 10:51:52, -1,  -1, , ,   ,  -1,        0,        0,   0.  0.  0.  0,   0, , 
AE:3E:7F:C8:BC:8E, 2023-07-28 10:54:06, 2023-07-28 10:54:06, -1,  -1, , ,   ,  -1,        0,        0,   0.  0.  0.  0,   9, Igorek‚ú®, 
02:B3:45:5A:05:93, 2023-07-28 10:54:47, 2023-07-28 10:54:47, 11, 360, WPA2, CCMP, PSK, -75,        0,        0,   0.  0.  0.  0,   8, HONOR 30, 
00:00:00:00:00:00, 2023-07-28 11:02:02, 2023-07-28 11:02:02,  6,  -1, , ,   ,  -1,        0,        0,   0.  0.  0.  0,   0, , 
6A:B0:1A:C2:DF:49, 2023-07-28 11:02:12, 2023-07-28 11:02:12,  6, 130, WPA2, CCMP, PSK, -68,        1,        0,   0.  0.  0.  0,  12, , 
E8:28:C1:DC:3C:90, 2023-07-28 11:02:58, 2023-07-28 11:02:58, -1,  -1, , ,   ,  -1,        0,        0,   0.  0.  0.  0,   0, , 
30:B4:B8:11:C0:90, 2023-07-28 11:05:02, 2023-07-28 11:05:02,  2,  -1, WPA, ,   , -72,        0,        1,   0.  0.  0.  0,   0, , 
B6:C4:55:B5:53:24, 2023-07-28 11:05:24, 2023-07-28 11:55:11,  1, 180, WPA2, CCMP, PSK, -67,        7,        0,   0.  0.  0.  0,   7, Redmi 9, 
86:DF:BF:E4:2F:23, 2023-07-28 11:08:47, 2023-07-28 11:53:35, 11,  65, WPA2, CCMP, PSK, -70,       11,        0,   0.  0.  0.  0,  20, DESKTOP-Q7R0KRV 2433, 
00:26:99:F2:7A:EF, 2023-07-28 11:10:12, 2023-07-28 11:10:12, 44,  -1, OPN, ,   ,  -1,        0,        1,   0.  0.  0.  0,   0, , 
02:67:F1:B0:6C:98, 2023-07-28 11:16:05, 2023-07-28 11:26:56, 11, 130, OPN, ,   , -68,        1,        0,   0.  0.  0.  0,   7, MT_FREE, 
76:C5:A0:70:08:96, 2023-07-28 11:16:36, 2023-07-28 11:16:38,  6, 130, WPA3 WPA2, CCMP, SAE PSK, -52,        1,        0,   0.  0.  0.  0,  11, , 
EA:7B:9B:D8:56:34, 2023-07-28 11:17:50, 2023-07-28 11:55:11,  1, 180, WPA2, CCMP, PSK, -68,        1,        0,   0.  0.  0.  0,   8, POCO C40, 
2E:FE:13:D0:96:51, 2023-07-28 11:29:35, 2023-07-28 11:30:33, 11, 180, WPA2, CCMP, PSK, -61,        2,        0,   0.  0.  0.  0,  16, Redmi Note 8 Pro, 
22:C9:7F:A9:BA:9C, 2023-07-28 11:29:49, 2023-07-28 11:30:30, -1,  -1, , ,   ,  -1,        0,        0,   0.  0.  0.  0,   0, , 
3A:70:96:C6:30:2C, 2023-07-28 11:30:10, 2023-07-28 11:51:50,  6, 130, WPA2, CCMP, PSK, -48,      145,        5,   0.  0.  0.  0,  25, iPhone (–ò—Å–∫–∞–Ω–¥–µ—Ä), 
02:CF:8B:87:B4:F9, 2023-07-28 11:30:11, 2023-07-28 11:30:11, 11, 130, OPN, ,   , -70,        1,        0,   0.  0.  0.  0,   7, MT_FREE, 
36:46:53:81:12:A0, 2023-07-28 11:34:22, 2023-07-28 11:55:10, 11, 180, WPA2, CCMP, PSK, -57,       82,        3,   0.  0.  0.  0,  18, GGWPRedmi Note 10S, 
92:12:38:E5:7E:1E, 2023-07-28 11:36:35, 2023-07-28 11:51:03,  6,  -1, , ,   ,  -1,        0,        0,   0.  0.  0.  0,   0, , 
E8:28:C1:DC:0B:B0, 2023-07-28 11:41:18, 2023-07-28 11:55:10, 11,  -1, , ,   ,  -1,        0,        0,   0.  0.  0.  0,   0, , 
82:CD:7D:04:17:3B, 2023-07-28 11:43:49, 2023-07-28 11:43:51, 11,  -1, , ,   ,  -1,        0,        0,   0.  0.  0.  0,   0, , 
E8:28:C1:DC:03:32, 2023-07-28 11:47:13, 2023-07-28 11:47:13, -1,  -1, , ,   ,  -1,        0,        0,   0.  0.  0.  0,   0, , 
E8:28:C1:DC:54:B2, 2023-07-28 11:47:18, 2023-07-28 11:47:19, -1,  -1, , ,   ,  -1,        0,        0,   0.  0.  0.  0,   0, , 
00:53:7A:99:98:56, 2023-07-28 11:48:14, 2023-07-28 11:48:14, 11, 130, OPN, ,   , -68,        0,        0,   0.  0.  0.  0,   7, MT_FREE, 
00:03:7F:10:17:56, 2023-07-28 11:50:23, 2023-07-28 11:50:23, 10,  -1, , ,   ,  -1,        0,        0,   0.  0.  0.  0,   0, , 
00:0D:97:6B:93:DF, 2023-07-28 11:51:25, 2023-07-28 11:51:25, -1,  -1, , ,   , -64,        0,        0,   0.  0.  0.  0,   0, , 
9C:A5:13:28:D5:89, 2023-07-28 11:51:48, 2023-07-28 11:52:31, 11,  65, WPA2, CCMP, PSK, -71,        3,        0,   0.  0.  0.  0,  14, Galaxy M012063, 
E8:28:C1:DE:47:D0, 2023-07-28 11:55:11, 2023-07-28 11:55:11,  1, 130, OPN, ,   , -70,        1,        0,   0.  0.  0.  0,  12, MIREA_GUESTS, 
